index,current_filename,extension,width,height,size_kb,suggested_target_filename,status,notes
1,084a54a0-0bf2-4ba8-bc34-5dc58c981ab3.png,png,1254,1254,2523.7,NEEDS_REVIEW,NEEDS_REVIEW,Random/UUID filename. Do not auto-map.
2,094a7af5-9de4-4528-8202-8d9c397032db.png,png,1254,1254,2060.8,NEEDS_REVIEW,NEEDS_REVIEW,Random/UUID filename. Do not auto-map.
3,101fdca0-8ac8-44d8-8f99-ebf32e861cee.png,png,1254,1254,3325.4,NEEDS_REVIEW,NEEDS_REVIEW,Random/UUID filename. Do not auto-map.
4,1408e9fc-40d8-46c4-ac4c-2be4e896a694.png,png,1254,1254,2277,NEEDS_REVIEW,NEEDS_REVIEW,Random/UUID filename. Do not auto-map.
5,1aa3624d-e225-48a7-8c8f-30108d3d89a6.png,png,1254,1254,2262.8,NEEDS_REVIEW,NEEDS_REVIEW,Random/UUID filename. Do not auto-map.
6,1ceb43ce-5506-40f7-8930-98f49bfcabee.png,png,1254,1254,2389.6,NEEDS_REVIEW,NEEDS_REVIEW,Random/UUID filename. Do not auto-map.
7,1f71a6dc-1fdc-433d-baba-86548622cda3.png,png,1254,1254,2335.3,NEEDS_REVIEW,NEEDS_REVIEW,Random/UUID filename. Do not auto-map.
8,20cdbced-7d73-4978-9992-389c78db8a73.png,png,1254,1254,2332.8,NEEDS_REVIEW,NEEDS_REVIEW,Random/UUID filename. Do not auto-map.
9,2256cffe-e877-43a6-ad50-a25fc76861d5.png,png,1254,1254,2616.8,NEEDS_REVIEW,NEEDS_REVIEW,Random/UUID filename. Do not auto-map.
10,2315b52e-6aec-4452-a8fa-a67ff0eb4860.png,png,1254,1254,2747.7,NEEDS_REVIEW,NEEDS_REVIEW,Random/UUID filename. Do not auto-map.
11,237f553c-98b6-4bef-bb1e-62eaf443d3f9.png,png,1254,1254,2595.6,NEEDS_REVIEW,NEEDS_REVIEW,Random/UUID filename. Do not auto-map.
12,255d3ad6-ab63-46a4-951f-f5329508e475.png,png,1254,1254,2356.8,NEEDS_REVIEW,NEEDS_REVIEW,Random/UUID filename. Do not auto-map.
13,257aacd9-3048-4e54-82b4-8365e775722c.png,png,1254,1254,2368.5,NEEDS_REVIEW,NEEDS_REVIEW,Random/UUID filename. Do not auto-map.
14,259c5ad7-3081-4e87-9841-9b480d83400f.png,png,1254,1254,2610.6,NEEDS_REVIEW,NEEDS_REVIEW,Random/UUID filename. Do not auto-map.
15,27d80a4f-1cc2-473e-96b2-ad0ae3e17d72.png,png,1254,1254,2330.7,NEEDS_REVIEW,NEEDS_REVIEW,Random/UUID filename. Do not auto-map.
16,288498aa-da28-41c6-9c30-150fd99be75f.png,png,1254,1254,2290,NEEDS_REVIEW,NEEDS_REVIEW,Random/UUID filename. Do not auto-map.
17,2a60ac73-f751-42da-8370-ccc20725abc1.png,png,1254,1254,2563.6,NEEDS_REVIEW,NEEDS_REVIEW,Random/UUID filename. Do not auto-map.
18,2b2010b6-0dda-4dd5-8550-84afd5e315f4.png,png,1254,1254,2249.8,NEEDS_REVIEW,NEEDS_REVIEW,Random/UUID filename. Do not auto-map.
19,2bd3957e-bf3d-4bf5-bb6b-bbb35d2f2845.png,png,1254,1254,2364.8,NEEDS_REVIEW,NEEDS_REVIEW,Random/UUID filename. Do not auto-map.
20,2d1ff121-0cac-45e5-80f3-ffdb41b881ca.png,png,1254,1254,2069.2,NEEDS_REVIEW,NEEDS_REVIEW,Random/UUID filename. Do not auto-map.
21,2d3f6cab-08db-4b23-843d-f97f9007ab34.png,png,1254,1254,2971.3,NEEDS_REVIEW,NEEDS_REVIEW,Random/UUID filename. Do not auto-map.
22,38caf7d3-af73-4702-93a5-111be5028d99.png,png,1254,1254,2674,NEEDS_REVIEW,NEEDS_REVIEW,Random/UUID filename. Do not auto-map.
23,3dbdda84-c507-45ba-b845-5f0aec7beaad.png,png,1254,1254,2358.2,NEEDS_REVIEW,NEEDS_REVIEW,Random/UUID filename. Do not auto-map.
24,3f9e99c9-f951-4dd5-8985-b4b4fe7d5119.png,png,1254,1254,2358.5,NEEDS_REVIEW,NEEDS_REVIEW,Random/UUID filename. Do not auto-map.
25,403861fc-b43a-4cd1-ad2a-d8fa035aabee.png,png,1254,1254,2512.6,NEEDS_REVIEW,NEEDS_REVIEW,Random/UUID filename. Do not auto-map.
26,444a5c5e-4cba-474c-a46f-82d3793afe25.png,png,1254,1254,2592.4,NEEDS_REVIEW,NEEDS_REVIEW,Random/UUID filename. Do not auto-map.
27,47d8b8d9-49fc-41ef-b421-63ab0b335f2b.png,png,1254,1254,2445.7,NEEDS_REVIEW,NEEDS_REVIEW,Random/UUID filename. Do not auto-map.
28,48895da7-ce11-4299-96be-265101999ee5.png,png,1254,1254,2423,NEEDS_REVIEW,NEEDS_REVIEW,Random/UUID filename. Do not auto-map.
29,4bd94ea0-a01a-40d3-b551-dae1682f8230.png,png,1254,1254,2405.1,NEEDS_REVIEW,NEEDS_REVIEW,Random/UUID filename. Do not auto-map.
30,4e2d99eb-edaf-4267-b088-d46b14201c2b.png,png,1254,1254,1899,NEEDS_REVIEW,NEEDS_REVIEW,Random/UUID filename. Do not auto-map.
31,5036df53-3db3-4c17-8f31-ab2e51a821fd.png,png,1254,1254,2498.3,NEEDS_REVIEW,NEEDS_REVIEW,Random/UUID filename. Do not auto-map.
32,5207dbcf-4cfe-4bfd-85e2-155bf64c9bec.png,png,1254,1254,2666.5,NEEDS_REVIEW,NEEDS_REVIEW,Random/UUID filename. Do not auto-map.
33,527938b3-4894-4e3c-9749-c170e42a578d.png,png,1254,1254,2648.6,NEEDS_REVIEW,NEEDS_REVIEW,Random/UUID filename. Do not auto-map.
34,560dcbd4-5ee6-436e-8bc4-d7eef100ce4f.png,png,1254,1254,1565.9,NEEDS_REVIEW,NEEDS_REVIEW,Random/UUID filename. Do not auto-map.
35,5709939c-bc25-4201-9ed6-d0174f07b7e3.png,png,1254,1254,2804.9,NEEDS_REVIEW,NEEDS_REVIEW,Random/UUID filename. Do not auto-map.
36,58530912-8092-4e7d-95ac-7d648e78611f.png,png,1254,1254,2390.3,NEEDS_REVIEW,NEEDS_REVIEW,Random/UUID filename. Do not auto-map.
37,594595ff-6707-485f-b63a-e53cf376490a.png,png,1254,1254,2503.3,NEEDS_REVIEW,NEEDS_REVIEW,Random/UUID filename. Do not auto-map.
38,59a329ed-54d2-44a9-a9d9-d8e3e78faf7b.png,png,1254,1254,2391.8,NEEDS_REVIEW,NEEDS_REVIEW,Random/UUID filename. Do not auto-map.
39,61803f81-a92c-4c0e-9fd1-b0568feec8f3.png,png,1254,1254,2389.9,NEEDS_REVIEW,NEEDS_REVIEW,Random/UUID filename. Do not auto-map.
40,6508cd04-9125-4aa3-9a4f-820487d4336a.png,png,1254,1254,2096.2,NEEDS_REVIEW,NEEDS_REVIEW,Random/UUID filename. Do not auto-map.
41,65bde6af-e67a-4e8b-b896-8e918c5cfeae.png,png,1254,1254,2392.5,NEEDS_REVIEW,NEEDS_REVIEW,Random/UUID filename. Do not auto-map.
42,6695cdc5-d2de-44e1-8257-51fa33ff24bf.png,png,1254,1254,2190.7,NEEDS_REVIEW,NEEDS_REVIEW,Random/UUID filename. Do not auto-map.
43,6ca522b3-c1ff-4127-9bc0-d6d0f5d82cfe.png,png,1254,1254,2470.4,NEEDS_REVIEW,NEEDS_REVIEW,Random/UUID filename. Do not auto-map.
44,6d536948-6343-4919-8dd8-8efc11505765.png,png,1254,1254,2880.7,NEEDS_REVIEW,NEEDS_REVIEW,Random/UUID filename. Do not auto-map.
45,6f3c2212-b170-4ff8-a61f-432beb857e7d.png,png,1254,1254,2265.7,NEEDS_REVIEW,NEEDS_REVIEW,Random/UUID filename. Do not auto-map.
46,72dcea8d-2992-4f8c-bfab-5c6f3aac2f46.png,png,1254,1254,2221.4,NEEDS_REVIEW,NEEDS_REVIEW,Random/UUID filename. Do not auto-map.
47,7505d781-d941-46df-b22b-3b2886d03645.png,png,1254,1254,2484.2,NEEDS_REVIEW,NEEDS_REVIEW,Random/UUID filename. Do not auto-map.
48,75cc258b-de29-485d-ba39-64d89518a704.png,png,1254,1254,2452.6,NEEDS_REVIEW,NEEDS_REVIEW,Random/UUID filename. Do not auto-map.
49,767dcd93-c1e6-4499-a128-5438cf9a0db9.png,png,1254,1254,2288,NEEDS_REVIEW,NEEDS_REVIEW,Random/UUID filename. Do not auto-map.
50,7879f1f8-66d2-4e9d-8190-62ee778177f6.png,png,1254,1254,2673,NEEDS_REVIEW,NEEDS_REVIEW,Random/UUID filename. Do not auto-map.
51,7889bc3e-27c6-4856-8651-2c43600f32ff.png,png,1254,1254,2448,NEEDS_REVIEW,NEEDS_REVIEW,Random/UUID filename. Do not auto-map.
52,79fd2c16-c56e-4018-a284-b67546dd0130.png,png,1254,1254,2340.7,NEEDS_REVIEW,NEEDS_REVIEW,Random/UUID filename. Do not auto-map.
53,7b4b4e7a-1f2f-46d2-a213-c6c95897f036.png,png,1254,1254,2839.5,NEEDS_REVIEW,NEEDS_REVIEW,Random/UUID filename. Do not auto-map.
54,7c544afd-caf0-47cd-bd52-1f9a4cad1b6d.png,png,1254,1254,2320.5,NEEDS_REVIEW,NEEDS_REVIEW,Random/UUID filename. Do not auto-map.
55,7e41f348-21b4-4e38-9a32-82ccbcbef93c.png,png,1254,1254,2415.4,NEEDS_REVIEW,NEEDS_REVIEW,Random/UUID filename. Do not auto-map.
56,8d2225b9-1cc4-46f3-bf04-b7f6cb9292d9.png,png,1254,1254,2564.4,NEEDS_REVIEW,NEEDS_REVIEW,Random/UUID filename. Do not auto-map.
57,8d7b530d-faf4-4aa9-bdfb-ecbb245674ea.png,png,1254,1254,2418.1,NEEDS_REVIEW,NEEDS_REVIEW,Random/UUID filename. Do not auto-map.
58,8f881f05-552e-4a10-8c29-fb0f0f5c22cd.png,png,1254,1254,2302,NEEDS_REVIEW,NEEDS_REVIEW,Random/UUID filename. Do not auto-map.
59,904f5dfa-8bf6-41d2-a87e-99a6c98db4c0.png,png,1254,1254,2187.8,NEEDS_REVIEW,NEEDS_REVIEW,Random/UUID filename. Do not auto-map.
60,91194077-e278-4066-8a3e-69e4ef0f7c0e.png,png,1254,1254,2724.7,NEEDS_REVIEW,NEEDS_REVIEW,Random/UUID filename. Do not auto-map.
61,91c2c85b-d9d3-44f6-811c-4ebfd9182f8f.png,png,1254,1254,2421.8,NEEDS_REVIEW,NEEDS_REVIEW,Random/UUID filename. Do not auto-map.
62,9a5d9622-b3d8-483d-93a0-f0aaefe01399.png,png,1254,1254,2731.2,NEEDS_REVIEW,NEEDS_REVIEW,Random/UUID filename. Do not auto-map.
63,9c0e3b80-80db-4c12-89df-4b83343ecf86.png,png,1254,1254,2412.4,NEEDS_REVIEW,NEEDS_REVIEW,Random/UUID filename. Do not auto-map.
64,9d1e3f53-ed15-4286-b6bd-ceff25e9dd89.png,png,1254,1254,2624.9,NEEDS_REVIEW,NEEDS_REVIEW,Random/UUID filename. Do not auto-map.
65,9feedb23-7d52-4f4c-a5ca-a503b98f1933.png,png,1254,1254,2232.2,NEEDS_REVIEW,NEEDS_REVIEW,Random/UUID filename. Do not auto-map.
66,a0d6a60d-8a2d-4a12-9a9c-db5c26991f90.png,png,1254,1254,2693.4,NEEDS_REVIEW,NEEDS_REVIEW,Random/UUID filename. Do not auto-map.
67,a2ff57e2-c64c-434a-8445-6ca472a8db0b.png,png,1254,1254,2146.1,NEEDS_REVIEW,NEEDS_REVIEW,Random/UUID filename. Do not auto-map.
68,a99a0690-c6f9-4d19-82e1-6c13f87cccb8.png,png,1254,1254,1963.1,NEEDS_REVIEW,NEEDS_REVIEW,Random/UUID filename. Do not auto-map.
69,ab021ee0-672c-4557-903b-c01de031b392.png,png,1254,1254,1988.8,NEEDS_REVIEW,NEEDS_REVIEW,Random/UUID filename. Do not auto-map.
70,af3ed996-c902-43d6-8dd8-35dc21c563ae.png,png,1254,1254,2514,NEEDS_REVIEW,NEEDS_REVIEW,Random/UUID filename. Do not auto-map.
71,b5cebd4c-7a62-4cbd-9d00-1edc6a0303d2.png,png,1254,1254,2365.9,NEEDS_REVIEW,NEEDS_REVIEW,Random/UUID filename. Do not auto-map.
72,b8ff8318-859b-43b0-8b7c-b5cb8d4e0560.png,png,1254,1254,2823.2,NEEDS_REVIEW,NEEDS_REVIEW,Random/UUID filename. Do not auto-map.
73,bca6d7a3-7b4b-41d5-aa97-f6758e9b9bc9.png,png,1254,1254,2197.5,NEEDS_REVIEW,NEEDS_REVIEW,Random/UUID filename. Do not auto-map.
74,c482e72c-a0e2-4e85-bfb3-b3e5f7f94856.png,png,1254,1254,2142.1,NEEDS_REVIEW,NEEDS_REVIEW,Random/UUID filename. Do not auto-map.
75,cat.png,png,1254,1254,2368.9,cat.webp,AUTO_SUGGESTED,
76,cbaf0988-c0d1-4f52-966d-c3b1dc849d99.png,png,1254,1254,2531.2,NEEDS_REVIEW,NEEDS_REVIEW,Random/UUID filename. Do not auto-map.
77,cc76e17f-814f-4313-851f-377b96894345.png,png,1254,1254,1845,NEEDS_REVIEW,NEEDS_REVIEW,Random/UUID filename. Do not auto-map.
78,cdfb4ea1-021d-4dcb-b5cb-04a1c78fd030.png,png,1254,1254,2453.5,NEEDS_REVIEW,NEEDS_REVIEW,Random/UUID filename. Do not auto-map.
79,cefe6169-b2b6-45e9-ac98-171aabb14009.png,png,1254,1254,2120.2,NEEDS_REVIEW,NEEDS_REVIEW,Random/UUID filename. Do not auto-map.
80,cf32007f-aa00-430f-909b-482d3ca33602.png,png,1254,1254,2682.8,NEEDS_REVIEW,NEEDS_REVIEW,Random/UUID filename. Do not auto-map.
81,d0814431-db4f-4984-8d01-cb4590648a21.png,png,1254,1254,2431.5,NEEDS_REVIEW,NEEDS_REVIEW,Random/UUID filename. Do not auto-map.
82,d0efe8b9-c38e-4d69-9705-405bcef1eb4f.png,png,1254,1254,2141.7,NEEDS_REVIEW,NEEDS_REVIEW,Random/UUID filename. Do not auto-map.
83,d19a55c0-3de2-4235-9049-d234b70e63c2.png,png,1254,1254,2443.7,NEEDS_REVIEW,NEEDS_REVIEW,Random/UUID filename. Do not auto-map.
84,d3568d72-9759-4629-8771-d8b0ced85633.png,png,1254,1254,2630.6,NEEDS_REVIEW,NEEDS_REVIEW,Random/UUID filename. Do not auto-map.
85,d8f6a932-531f-4611-9097-dab877a24001.png,png,1254,1254,2510.7,NEEDS_REVIEW,NEEDS_REVIEW,Random/UUID filename. Do not auto-map.
86,d8fabb25-5334-46ff-b7df-9ce093996b9c.png,png,1254,1254,2037.2,NEEDS_REVIEW,NEEDS_REVIEW,Random/UUID filename. Do not auto-map.
87,da459537-394b-45e0-9a41-9124ecdef9ae.png,png,1254,1254,2290.7,NEEDS_REVIEW,NEEDS_REVIEW,Random/UUID filename. Do not auto-map.
88,da6cee72-5094-4e10-9007-c1a9cb65f1bd.png,png,1254,1254,2704.7,NEEDS_REVIEW,NEEDS_REVIEW,Random/UUID filename. Do not auto-map.
89,dbb63677-b015-41cc-81f4-cbe167e08161.png,png,1254,1254,2203.8,NEEDS_REVIEW,NEEDS_REVIEW,Random/UUID filename. Do not auto-map.
90,dc935306-ac10-43e3-99ce-bf15d4d93c57.png,png,1254,1254,2566.2,NEEDS_REVIEW,NEEDS_REVIEW,Random/UUID filename. Do not auto-map.
91,df2bc6a2-3801-4737-9e60-c467ae3ba5c2.png,png,1254,1254,2674.4,NEEDS_REVIEW,NEEDS_REVIEW,Random/UUID filename. Do not auto-map.
92,dog.png,png,1254,1254,2338.7,dog.webp,AUTO_SUGGESTED,
93,e299d0be-d303-429c-b501-4afeafc166e1.png,png,1254,1254,2466.8,NEEDS_REVIEW,NEEDS_REVIEW,Random/UUID filename. Do not auto-map.
94,ec34875d-eb0b-48c6-87e3-149ad75da757.png,png,1254,1254,2834.5,NEEDS_REVIEW,NEEDS_REVIEW,Random/UUID filename. Do not auto-map.
95,elephant.png,png,1254,1254,2630.8,elephant.webp,AUTO_SUGGESTED,
96,f002acc2-ff07-4992-8385-b5b121e5373c.png,png,1254,1254,2213.6,NEEDS_REVIEW,NEEDS_REVIEW,Random/UUID filename. Do not auto-map.
97,f0ee219a-ae9c-49a0-915e-1b3f0b0ff0c5.png,png,1254,1254,2130.2,NEEDS_REVIEW,NEEDS_REVIEW,Random/UUID filename. Do not auto-map.
98,f4958df2-ab39-4fd7-8ca3-ee33500dc89d.png,png,1254,1254,2343.4,NEEDS_REVIEW,NEEDS_REVIEW,Random/UUID filename. Do not auto-map.
99,f68752c7-5e38-46fc-b537-44d86d6d8057.png,png,1254,1254,2403.2,NEEDS_REVIEW,NEEDS_REVIEW,Random/UUID filename. Do not auto-map.
100,f834022a-3f23-4971-91df-676cbc947d8d.png,png,1254,1254,2462.5,NEEDS_REVIEW,NEEDS_REVIEW,Random/UUID filename. Do not auto-map.
101,fb7b9312-b9cc-472f-b3ee-52fa491e1c34.png,png,1254,1254,2504.4,NEEDS_REVIEW,NEEDS_REVIEW,Random/UUID filename. Do not auto-map.
102,fdc2498d-eb9c-4869-8976-8f8559fb9565.png,png,1254,1254,2274.9,NEEDS_REVIEW,NEEDS_REVIEW,Random/UUID filename. Do not auto-map.
103,fish.png,png,1254,1254,1950.1,fish.webp,AUTO_SUGGESTED,
104,sheep.png,png,1254,1254,2243.7,sheep.webp,AUTO_SUGGESTED,
